"ID","Name","RA","DEC","Obj. Type","Redshift","Host Name","Host Redshift","Reporting Group/s","Discovery Data Source/s","Classifying Group/s","Associated Group/s","Disc. Internal Name","Disc. Instrument/s","Class. Instrument/s","TNS AT","Public","End Prop. Period","Discovery Mag/Flux","Discovery Filter","Discovery Date (UT)","Sender","Remarks","Ext. catalog/s"
"70792","AT 2020znv","07:12:18.870","+38:26:22.27","CV","0","","","GaiaAlerts, ZTF, YSE","GaiaAlerts, ZTF, Pan-STARRS1","UCSC","GaiaAlerts; Pan-STARRS1; ZTF","Gaia20ffs","Gaia - Gaia-photometric, P48 - ZTF-Cam, PS1 - GPC1","Lick-3m - KAST","1","1","","17.86","G-Gaia","2020-11-12 16:42:14.400","Gaia_Bot1","",""
"70544","AT 2020zei","12:00:11.010","-44:21:33.88","CV","0","","","GaiaAlerts","GaiaAlerts","ePESSTO+","GaiaAlerts","Gaia20fde","Gaia - Gaia-photometric","ESO-NTT - EFOSC2-NTT","1","1","","20.22","G-Gaia","2020-11-06 00:10:04.800","Gaia_Bot1","",""
"70308","AT 2020yvw","06:19:02.427","-09:57:23.77","CV","","","","ATLAS","ATLAS","None","ATLAS","ATLAS20bevy","ATLAS1 - ACAM1","NOT - ALFOSC","1","1","","15.906","orange-ATLAS","2020-11-03 11:51:21.600","ATLAS_Bot1","",""
"69582","AT 2020xuq","00:13:42.420","+28:55:08.98","CV","0","","","ATLAS, ZTF, YSE","ATLAS, ZTF, Pan-STARRS1","SCAT","ATLAS; Pan-STARRS1; ZTF","ATLAS20behv","ATLAS1 - ACAM1, P48 - ZTF-Cam, PS1 - GPC1","UH88 - SNIFS","1","1","","18.728","cyan-ATLAS","2020-10-21 08:32:38.400","ATLAS_Bot1","",""
"68538","AT 2020wgy","20:05:45.298","+08:50:20.12","CV","","","","ZTF","ZTF","SCAT","ZTF","ZTF20acinuir","P48 - ZTF-Cam","UH88 - SNIFS","1","1","","17.41","r-ZTF","2020-10-13 03:25:55.200","ZTF_Bot1","",""
"67731","AT 2020vce","15:25:37.570","-55:23:44.20","CV","","","","","ASAS-SN","None","ASAS-SN","NGCA-V49","Other - Other","SOAR - Goodman","1","1","","15.992","g-Sloan","2020-10-07 05:42:00.000","Neagu","",""
"67124","AT 2020uez","21:38:42.805","+33:47:40.88","CV","","","","ZTF","ZTF","NUTS","ZTF","ZTF18abvoyen","P48 - ZTF-Cam","TNG - DOLORES","1","1","","16.39","g-ZTF","2020-09-24 05:26:52.800","ZTF_Bot1","",""
"66960","AT 2020tyr","17:38:33.302","-48:23:59.82","CV","0","","","ASAS-SN","ASAS-SN","ePESSTO+","ASAS-SN","ASASSN-20mg","ASASSN-5 - Payne-Gaposchkin","ESO-NTT - EFOSC2-NTT","1","1","","13.6","g-Sloan","2020-09-21 19:55:12.000","Stanek","",""
"66546","AT 2020tjb","20:25:46.207","+08:25:37.12","CV","","","","ZTF","ZTF","Padova-Asiago","ZTF","ZTF20abzgddp","P48 - ZTF-Cam","Ekar - AFOSC","1","1","","17.5","g-ZTF","2020-09-15 04:00:28.800","ZTF_Bot1","",""
"60795","AT 2020lhs","20:23:02.310","+21:23:48.59","CV","","WISEA J202302.62+212347.8","","ASAS-SN, ATLAS, GaiaAlerts","ASAS-SN, ATLAS, GaiaAlerts","Padova-Asiago","ASAS-SN; ATLAS; GaiaAlerts","ASASSN-20ft","ASASSN-1 - Brutus, ATLAS1 - ACAM1, Gaia - Gaia-photometric","Ekar - AFOSC","1","1","","15.5","g-Sloan","2020-05-29 10:33:36.000","Stanek","",""
"60364","AT 2020krl","18:30:32.021","+42:41:15.78","CV","0","","","ATLAS, ZTF, Pan-STARRS1","ATLAS, ZTF, Pan-STARRS1","None","ATLAS; Pan-STARRS1; ZTF","ATLAS20njy","ATLAS1 - ACAM1, P48 - ZTF-Cam, PS1 - GPC1","GTC - OSIRIS, LT - SPRAT, TNG - DOLORES","1","1","","18.102","orange-ATLAS","2020-05-21 11:22:33.600","ATLAS_Bot1","",""
"58040","AT 2020hhg","17:24:22.610","+42:40:08.22","CV","","","","ZTF, GaiaAlerts","ZTF, GaiaAlerts","Padova-Asiago","GaiaAlerts; ZTF","ZTF20aaurhdm","Gaia - Gaia-photometric, P48 - ZTF-Cam","Ekar - AFOSC","1","1","","15.15","r-ZTF","2020-04-14 10:50:44.160","ZTF_AMPEL_NEW","",""
"56133","AT 2020esa","08:07:59.179","-10:45:27.62","CV","","","","ATLAS","ATLAS","SCAT","ATLAS","ATLAS20icx","ATLAS1 - ACAM1","UH88 - SNIFS","1","1","","17.756","cyan-ATLAS","2020-03-21 07:43:40.800","ATLAS_Bot1","",""
"55291","AT 2020ecd","07:44:05.790","-10:16:03.47","CV","","","","GaiaAlerts","GaiaAlerts","WTFU","GaiaAlerts","Gaia20beg","Gaia - Gaia-photometric","LT - SPRAT","1","1","","17.7","G-Gaia","2020-03-04 06:17:16.800","Gaia_Bot1","",""
"54437","AT 2020cxg","13:12:34.530","-33:06:07.80","CV","0","","","BraTS","BraTS","ePESSTO+","BraTS","BraTS-SON-T2-008","Other - Other","ESO-NTT - EFOSC2-NTT","1","1","","16","Clear-","2020-02-19 04:35:37.000","Jacques","",""
"52727","AT 2020alt","05:09:12.699","+49:09:00.79","CV","0","","","ATLAS","ATLAS","SCAT","ATLAS","ATLAS20awb","ATLAS1 - ACAM1","UH88 - SNIFS","1","1","","15.409","orange-ATLAS","2020-01-18 09:59:02.000","ATLAS_Bot1","",""
"52536","AT 2020afq","06:38:58.580","+59:03:51.98","CV","0","","","ATLAS, ZTF, GaiaAlerts, Pan-STARRS1","ATLAS, ZTF, GaiaAlerts, Pan-STARRS1","SCAT","ATLAS; GaiaAlerts; Pan-STARRS1; ZTF","ATLAS20auf","ATLAS1 - ACAM1, Gaia - Gaia-photometric, P48 - ZTF-Cam, PS1 - GPC1","UH88 - SNIFS","1","1","","14.938","orange-ATLAS","2020-01-18 09:05:45.000","ATLAS_Bot1","",""
"51483","AT 2020ae","07:18:45.497","+19:44:38.91","CV","0","","","MASTER, ZTF, ATLAS","MASTER, ZTF, ATLAS","Padova-Asiago","ATLAS; MASTER; ZTF","MASTER OT J071845.44+194439.4","ATLAS1 - ACAM1, Other - Other, P48 - ZTF-Cam","Ekar - AFOSC","1","1","","16.5","Clear-","2020-01-01 01:33:58.000","MASTER","",""
"49903","AT 2019xim","02:15:30.040","+57:17:53.95","CV","0","","","ASAS-SN, Gattini, GaiaAlerts","ASAS-SN, Gattini, GaiaAlerts","None","ASAS-SN; GaiaAlerts; Gattini","ASASSN-19ado","ASASSN-4 - Leavitt, Gaia - Gaia-photometric, Gattini - Gattini-camera","LT - FRODOspec","1","1","","13.9","g-Sloan","2019-12-22 04:48:00.000","Stanek","",""
"49301","AT 2019wll","08:57:07.354","-24:41:38.27","CV","0","","","ATLAS","ATLAS","DLT40","ATLAS","ATLAS19bdcv","ATLAS1 - ACAM1","Gemini-S - GMOS-S","1","1","","17.806","orange-ATLAS","2019-12-12 13:46:33.000","ATLAS_Bot1","",""
"48921","AT 2019vww","21:35:45.570","+35:21:53.60","CV","0","UGC11775","","ISSP","ISSP","None","ISSP","","Other - Other","Other - Other","1","1","","16.5","Clear-","2019-11-30 17:11:48.000","Leonini","",""
"47602","AT 2019tyn","04:15:58.106","+37:16:06.82","CV","","","","ASAS-SN","ASAS-SN","SCAT","ASAS-SN","ASASSN-19aal","ASASSN-4 - Leavitt","UH88 - SNIFS","1","1","","17.6","g-Sloan","2019-11-02 07:55:12.000","Stanek","",""
"47349","AT 2019tpa","20:07:28.673","-12:42:33.41","CV","","","","ASAS-SN","ASAS-SN","SCAT","ASAS-SN","ASASSN-19aac","ASASSN-1 - Brutus, ASASSN-3 - Paczynski","UH88 - SNIFS","1","1","","17","g-Sloan","2019-10-28 00:14:24.000","Stanek","",""
"47264","AT 2019tlu","22:51:07.411","+53:50:15.04","CV","","","","ASAS-SN","ASAS-SN","Padova-Asiago","ASAS-SN","ASASSN-19zy","ASASSN-1 - Brutus, ASASSN-4 - Leavitt","Ekar - AFOSC","1","1","","15.4","g-Sloan","2019-10-27 05:16:48.000","Stanek","",""
"47224","AT 2019tkh","05:46:20.920","-73:22:15.00","CV","0","LMC","","ASAS-SN, OGLE","ASAS-SN, OGLE","ePESSTO+","ASAS-SN; OGLE","ASASSN-19zx","ASASSN-3 - Paczynski, OGLE-1.3m - OGLEIV-Cam","ESO-NTT - EFOSC2-NTT","1","1","","12.96","g-Sloan","2019-10-26 06:57:36.000","Stanek","",""
"46696","AT 2019sqi","09:15:13.060","-10:55:17.08","CV","","","","ATLAS, GaiaAlerts, ZTF","ATLAS, GaiaAlerts, ZTF","SCAT, ASAS-SN","ATLAS; GaiaAlerts; ZTF","ATLAS19yiq","ATLAS1 - ACAM1, Gaia - Gaia-photometric, P48 - ZTF-Cam","MDM-2.4 - OSMOS, UH88 - SNIFS","1","1","","14.613","orange-ATLAS","2019-10-16 14:22:33.000","ATLAS_Bot1","",""
"46566","AT 2019slj","23:20:18.576","+49:19:47.60","CV","","","","ASAS-SN","ASAS-SN","SCAT","ASAS-SN","ASASSN-19yy","ASASSN-1 - Brutus, ASASSN-4 - Leavitt","UH88 - SNIFS","1","1","","15.8","g-Sloan","2019-10-12 01:40:48.000","Stanek","",""
"46430","AT 2019sgf","06:18:01.452","+22:22:29.06","CV","","","","ASAS-SN","ASAS-SN","None","ASAS-SN","ASASSN-19yt","ASASSN-1 - Brutus","MDM-2.4 - BC-OSU","1","1","","15.7","g-Sloan","2019-10-07 13:12:00.000","Stanek","",""
"46292","AT 2019saz","23:33:00.286","+43:23:26.30","CV","","","","ASAS-SN","ASAS-SN","SCAT","ASAS-SN","ASASSN-19yn","ASASSN-4 - Leavitt","UH88 - SNIFS","1","1","","15.7","g-Sloan","2019-10-06 09:01:26.000","Stanek","",""
"46278","AT 2019sam","06:10:57.928","-31:40:25.26","CV","","","","ASAS-SN, ATLAS","ASAS-SN, ATLAS","SCAT","ASAS-SN; ATLAS","ASASSN-19ym","ASASSN-2 - Cassius, ASASSN-5 - Payne-Gaposchkin, ATLAS1 - ACAM1","UH88 - SNIFS","1","1","","15.1","g-Sloan","2019-10-04 00:43:12.000","Stanek","",""
"45960","AT 2019roh","17:05:52.804","+24:17:44.36","CV","","","","ATLAS","ATLAS","LOSS","ATLAS","ATLAS19wxw","ATLAS1 - ACAM1","Lick-3m - KAST","1","1","","16.585","orange-ATLAS","2019-10-01 05:21:07.000","ATLAS_Bot1","",""
"45856","AT 2019rki","19:19:00.341","+25:03:32.47","CV","","","","ASAS-SN","ASAS-SN","None","ASAS-SN","ASASSN-19xw","ASASSN-4 - Leavitt","MDM-2.4 - BC-OSU","1","1","","14.9","g-Sloan","2019-09-29 05:31:12.000","Stanek","",""
"45204","AT 2019qli","19:08:51.570","+43:00:31.30","CV","","","","ISSP","ISSP","None","ISSP","","Other - Other","Other - Other","1","1","","15.6","Clear-","2019-09-20 20:55:33.000","Caimmi","",""
"44333","AT 2019peg","03:32:50.410","-48:16:55.74","CV","","","","ASAS-SN, GaiaAlerts","ASAS-SN, GaiaAlerts","None","ASAS-SN; GaiaAlerts","ASASSN-19vn","ASASSN-3 - Paczynski, Gaia - Gaia-photometric","LCO-duPont - WFCCD","1","1","","15.1","g-Sloan","2019-08-31 06:43:12.000","Stanek","",""
"44040","AT 2019otb","17:54:59.724","+11:54:09.24","CV","0","","","ZTF","ZTF","ePESSTO+","ZTF","ZTF18abmxaxt","P48 - ZTF-Cam","ESO-NTT - EFOSC2-NTT","1","1","","17.24","g-ZTF","2019-08-27 05:53:47.000","ZTF_AMPEL_NEW","",""
"44028","AT 2019osp","16:01:04.204","+59:15:26.35","CV","","","","ZTF, ATLAS","ZTF, ATLAS","None","ATLAS; ZTF","ZTF19abrhdui","ATLAS1 - ACAM1, P48 - ZTF-Cam","Lick-3m - KAST","1","1","","18.44","r-ZTF","2019-08-23 06:56:09.000","ZTF_TESS","",""
"43880","AT 2019omy","23:53:43.196","+17:43:53.97","CV","","","","ATLAS, ZTF","ATLAS, ZTF","None","ATLAS; ZTF","ATLAS19szp","ATLAS1 - ACAM1, P48 - ZTF-Cam","Lick-3m - KAST","1","1","","17.543","orange-ATLAS","2019-08-24 10:46:33.000","ATLAS_Bot1","",""
"43678","AT 2019ofe","19:29:49.230","-40:47:44.09","CV","0","","","ATLAS, GaiaAlerts","ATLAS, GaiaAlerts","ePESSTO+","ATLAS; GaiaAlerts","ATLAS19swl","ATLAS1 - ACAM1, Gaia - Gaia-photometric","ESO-NTT - EFOSC2-NTT","1","1","","17.973","orange-ATLAS","2019-08-22 07:46:33.000","ATLAS_Bot1","",""
"43031","AT 2019ngp","23:10:33.298","+10:41:34.04","CV","0","","","ATLAS, ZTF","ATLAS, ZTF","ePESSTO+","ATLAS; ZTF","ATLAS19shs","ATLAS1 - ACAM1, P48 - ZTF-Cam","ESO-NTT - EFOSC2-NTT","1","1","","17.087","cyan-ATLAS","2019-08-11 12:21:36.000","ATLAS_Bot1","",""
"42592","AT 2019mpt","20:10:02.300","+36:07:03.54","CV","","","","GaiaAlerts","GaiaAlerts","None","GaiaAlerts","Gaia19dhm","Gaia - Gaia-photometric","NOT - ALFOSC","1","1","","14.34","G-Gaia","2019-08-02 15:00:00.000","Gaia_Bot1","",""
"41920","AT 2019lqa","22:34:18.030","-56:41:07.94","CV","","","","GaiaAlerts","GaiaAlerts","ePESSTO+","GaiaAlerts","Gaia19dcb","Gaia - Gaia-photometric","ESO-NTT - EFOSC2-NTT","1","1","","16.58","G-Gaia","2019-07-17 18:25:55.000","Gaia_Bot1","",""
"41806","AT 2019lls","20:30:53.690","+38:40:19.80","CV","","","","MASTER","MASTER","None","MASTER","MASTER OT J203053.79+384020.1","Other - Other","NOT - ALFOSC","1","1","","15","Clear-","2019-07-18 22:01:53.000","MASTER","",""
"41792","AT 2019llj","02:26:32.340","+21:06:53.60","CV","0","","","ATLAS, GaiaAlerts","ATLAS, GaiaAlerts","None","ATLAS; GaiaAlerts","ATLAS19pfy","ATLAS1 - ACAM1, Gaia - Gaia-photometric","SOAR - Goodman","1","1","","16.276","orange-ATLAS","2019-07-17 14:21:07.000","ATLAS_Bot1","",""
"41754","AT 2019ljx","03:10:25.530","+03:15:14.08","CV","0","","","GaiaAlerts, ATLAS","GaiaAlerts, ATLAS","None","ATLAS; GaiaAlerts","Gaia19dax","ATLAS1 - ACAM1, Gaia - Gaia-photometric","SOAR - Goodman","1","1","","18.6","G-Gaia","2019-07-16 02:12:28.000","Gaia_Bot1","",""
"41549","AT 2019lca","20:23:09.566","+10:18:01.05","CV","","","","ZTF","ZTF","C-SNAILS","ZTF","ZTF19abgcnqu","P48 - ZTF-Cam","LT - SPRAT","1","1","","18.59","g-ZTF","2019-07-13 06:56:07.000","ZTF_AMPEL_NEW","",""
"41464","AT 2019kyt","18:34:52.710","+24:54:05.58","CV","","","","ATLAS, ZTF, GaiaAlerts","ATLAS, ZTF, GaiaAlerts","SCAT","ATLAS; GaiaAlerts; ZTF","ATLAS19oyk","ATLAS1 - ACAM1, Gaia - Gaia-photometric, P48 - ZTF-Cam","UH88 - SNIFS","1","1","","17.535","orange-ATLAS","2019-07-10 10:03:21.000","ATLAS_Bot1","",""
"40932","AT 2019keo","19:48:45.263","+03:09:41.11","CV","","","","ZTF","ZTF","LOSS","ZTF","ZTF19abcoosk","P48 - ZTF-Cam","Lick-3m - KAST","1","1","","15.55","g-ZTF","2019-07-01 05:57:07.000","ZTF_Bot1","",""
"40885","AT 2019kct","19:50:51.505","-06:17:51.65","CV","0","","","ZTF","ZTF","ePESSTO+","ZTF","ZTF19abcptta","P48 - ZTF-Cam","ESO-NTT - EFOSC2-NTT","1","1","","18.43","g-ZTF","2019-07-01 11:36:12.000","ZTF_AMPEL_NEW","",""
"40805","AT 2019jzs","21:15:50.927","-00:07:16.64","CV","","","","ATLAS, ZTF","ATLAS, ZTF","TCD","ATLAS; ZTF","ATLAS19ods","ATLAS1 - ACAM1, P48 - ZTF-Cam","LT - SPRAT","1","1","","17.432","orange-ATLAS","2019-06-30 13:09:07.000","ATLAS_Bot1","",""
"39688","AT 2019iiv","17:27:20.250","-82:04:02.17","CV","","","","GaiaAlerts","GaiaAlerts","ePESSTO+","GaiaAlerts","Gaia19crg","Gaia - Gaia-photometric","ESO-NTT - EFOSC2-NTT","1","1","","16.59","G-Gaia","2019-06-26 11:36:57.000","Gaia_Bot1","",""
"39602","AT 2019igc","15:10:41.926","-09:04:26.74","CV","","","","ZTF, YSE","ZTF, Pan-STARRS1","Padova-Asiago","Pan-STARRS1; ZTF","ZTF18adbafkf","P48 - ZTF-Cam, PS1 - GPC1","Ekar - AFOSC","1","1","","17.9","r-ZTF","2019-06-27 04:32:59.000","ZTF_AMPEL_NEW","",""
"39367","AT 2019hxd","20:50:59.713","+68:46:34.31","CV","","","","ZTF","ZTF","None","ZTF","ZTF18abxdquf","P48 - ZTF-Cam","WHT-4.2m - ACAM","1","1","","18.25","r-ZTF","2019-06-20 10:52:37.000","ZTF_AMPEL_NEW","",""
"38828","AT 2019hco","19:24:00.890","+42:16:59.66","CV","","","","ASAS-SN, ATLAS, GaiaAlerts, MASTER","ASAS-SN, ATLAS, GaiaAlerts, MASTER","SCAT","ASAS-SN; ATLAS; GaiaAlerts; MASTER","ASASSN-19os","ASASSN-1 - Brutus, ATLAS1 - ACAM1, Gaia - Gaia-photometric, Other - Other","UH88 - SNIFS","1","1","","15.4","g-Sloan","2019-06-08 11:02:24.000","Stanek","",""
"38782","AT 2019hau","19:28:22.337","+55:32:01.00","CV","","","","ASAS-SN, ZTF, ATLAS, MASTER","ASAS-SN, ZTF, ATLAS, MASTER","SCAT","ASAS-SN; ATLAS; MASTER; ZTF","ASASSN-19om","ASASSN-1 - Brutus, ATLAS1 - ACAM1, Other - Other, P48 - ZTF-Cam","UH88 - SNIFS","1","1","","14","g-Sloan","2019-06-07 08:52:48.000","Stanek","",""
"38734","AT 2019gyy","17:16:39.994","+11:28:45.78","CV","0","","","ATLAS","ATLAS","ePESSTO+","ATLAS","ATLAS19mee","ATLAS1 - ACAM1","ESO-NTT - EFOSC2-NTT","1","1","","17.704","cyan-ATLAS","2019-06-05 09:25:55.000","ATLAS_Bot1","",""
"38732","AT 2019gyw","18:54:45.475","+20:08:36.41","CV","","","","ATLAS","ATLAS","SCAT","ATLAS","ATLAS19mdr","ATLAS1 - ACAM1","UH88 - SNIFS","1","1","","17.5","orange-ATLAS","2019-06-03 11:12:28.000","ATLAS_Bot1","",""
"38645","AT 2019gvn","19:49:06.770","+10:06:58.35","CV","0","","","BraTS, ATLAS","BraTS, ATLAS","Padova-Asiago, ePESSTO+","ATLAS; BraTS","BraTS-SON-T2-006","ATLAS1 - ACAM1, Other - Other","Ekar - BC-Ekar, ESO-NTT - EFOSC2-NTT","1","1","","14","Clear-","2019-06-02 05:39:46.000","Jacques","",""
"38642","AT 2019gvk","12:37:51.780","-62:54:28.69","CV","","","","ASAS-SN, GaiaAlerts","ASAS-SN, GaiaAlerts","ASAS-SN","ASAS-SN; GaiaAlerts","ASASSN-19oa","ASASSN-2 - Cassius, ASASSN-3 - Paczynski, Gaia - Gaia-photometric","LCO-duPont - WFCCD","1","1","","15.6","g-Sloan","2019-06-03 04:04:48.000","Stanek","",""
"38574","AT 2019gsu","19:35:18.236","+59:49:50.08","CV","","","","ZTF, ATLAS","ZTF, ATLAS","SCAT","ATLAS; ZTF","ZTF19aawpgwv","ATLAS1 - ACAM1, P48 - ZTF-Cam","UH88 - SNIFS","1","1","","18.24","r-ZTF","2019-06-02 07:49:31.000","ZTF_AMPEL_NEW","",""
"38544","AT 2019grq","16:12:44.140","+06:06:47.42","CV","","","","ATLAS, ZTF, Pan-STARRS1","ATLAS, ZTF, Pan-STARRS1","SCAT","ATLAS; Pan-STARRS1; ZTF","ATLAS19mbi","ATLAS1 - ACAM1, P48 - ZTF-Cam, PS1 - GPC1","UH88 - SNIFS","1","1","","16.885","orange-ATLAS","2019-06-02 09:40:19.000","ATLAS_Bot1","",""
"38076","AT 2019fzu","19:48:31.010","-11:46:01.14","CV","0","","","ATLAS","ATLAS","ePESSTO+","ATLAS","ATLAS19llw","ATLAS1 - ACAM1","ESO-NTT - EFOSC2-NTT","1","1","","16.318","orange-ATLAS","2019-05-25 11:36:57.000","ATLAS_Bot1","",""
"37340","AT 2019exu","07:44:01.704","-72:03:44.89","CV","","2MASX J07435431-7203565","","ASAS-SN","ASAS-SN","None","ASAS-SN","ASASSN-19mg","ASASSN-3 - Paczynski","SOAR - Goodman","1","1","","17.2","g-Sloan","2019-05-05 23:45:36.000","Vallely","",""
"37327","AT 2019exh","20:37:40.127","+05:30:12.25","CV","0","","","ATLAS","ATLAS","SCAT, ePESSTO+","ATLAS","ATLAS19kej","ATLAS1 - ACAM1","ESO-NTT - EFOSC2-NTT, UH88 - SNIFS","1","1","","18.569","orange-ATLAS","2019-05-09 14:32:38.000","ATLAS_Bot1","",""
"36986","AT 2019ekk","14:51:46.633","-44:27:05.00","CV","","","","ATLAS","ATLAS","ASAS-SN","ATLAS","ATLAS19iiy","ATLAS1 - ACAM1","LCO-duPont - WFCCD","1","1","","16.406","cyan-ATLAS","2019-05-02 11:52:48.000","ATLAS_Bot1","",""
"36953","AT 2019ejd","09:25:03.078","-32:14:32.47","CV","","","","ATLAS","ATLAS","ASAS-SN","ATLAS","ATLAS19hzz","ATLAS1 - ACAM1","LCO-duPont - WFCCD","1","1","","17.011","cyan-ATLAS","2019-05-02 07:13:26.000","ATLAS_Bot1","",""
"36454","AT 2019dqf","16:15:01.637","-57:42:38.59","CV","","","","ASAS-SN","ASAS-SN","None","ASAS-SN","ASASSN-19ko","ASASSN-3 - Paczynski","SOAR - Goodman","1","1","","12.9","g-Sloan","2019-04-21 03:21:36.000","Stanek","",""
"35728","AT 2019coy","19:42:51.198","-09:54:31.69","CV","","","","BraTS, ATLAS","BraTS, ATLAS","LOSS","ATLAS; BraTS","BraTS-SON-T2-004","ATLAS1 - ACAM1, Other - Other","Lick-3m - KAST","1","1","","14","Clear-","2019-03-25 06:52:27.000","Jacques","",""
"35727","AT 2019cox","09:15:30.344","-04:46:26.19","CV","","","","BraTS, ZTF","BraTS, ZTF","SCAT","BraTS; ZTF","BraTS-SON-T2-005","Other - Other, P48 - ZTF-Cam","UH88 - SNIFS","1","1","","15.6","Clear-","2019-03-31 23:19:04.000","Jacques","",""
"35635","AT 2019clj","16:42:53.890","-05:17:08.99","CV","","","","ATLAS, ZTF, GaiaAlerts","ATLAS, ZTF, GaiaAlerts","SCAT","ATLAS; GaiaAlerts; ZTF","ATLAS19ecd","ATLAS1 - ACAM1, Gaia - Gaia-photometric, P48 - ZTF-Cam","UH88 - SNIFS","1","1","","17.025","orange-ATLAS","2019-03-26 14:11:02.000","ATLAS_Bot1","",""
"34327","AT 2019aoq","15:50:57.412","-12:40:38.94","CV","","","","ASAS-SN, ATLAS","ASAS-SN, ATLAS","ASAS-SN","ASAS-SN; ATLAS","ASASSN-19cn","ASASSN-5 - Payne-Gaposchkin, ATLAS1 - ACAM1","MDM-2.4 - OSMOS","1","1","","16.3","g-Sloan","2019-02-06 01:40:48.000","Stanek","",""
"34228","AT 2019akv","06:15:34.190","-29:14:31.31","CV","","","","GaiaAlerts","GaiaAlerts","SCAT","GaiaAlerts","Gaia19akc","Gaia - Gaia-photometric","UH88 - SNIFS","1","1","","17.56","G-Gaia","2019-02-02 05:49:55.000","Gaia_Bot1","",""
"34075","AT 2019afb","05:09:15.749","-23:36:14.33","CV","","","","ASAS-SN","ASAS-SN","ASAS-SN","ASAS-SN","ASASSN-19bl","ASASSN-2 - Cassius, ASASSN-5 - Payne-Gaposchkin","MDM-2.4 - OSMOS","1","1","","16.4","g-Sloan","2019-01-26 05:02:24.000","Stanek","",""
"33925","AT 2019zl","15:31:14.666","-57:15:38.59","CV","","","","ASAS-SN","ASAS-SN","ASAS-SN","ASAS-SN","ASASSN-19bc","ASASSN-2 - Cassius","LCO-duPont - WFCCD","1","1","","15.3","g-Sloan","2019-01-23 08:09:36.000","Stanek","",""
"33919","AT 2019zf","15:22:09.068","-03:46:59.53","CV","","","","ATLAS, ZTF","ATLAS, ZTF","None","ATLAS; ZTF","ATLAS19buo","ATLAS1 - ACAM1, P48 - ZTF-Cam","Lick-3m - KAST","1","1","","15.883","orange-ATLAS","2019-01-23 14:48:28.000","ATLAS_Bot1","",""
"33865","AT 2019xe","08:21:49.448","-12:55:30.34","CV","","","","ATLAS","ATLAS","None","ATLAS","ATLAS19brz","ATLAS1 - ACAM1","NOT - ALFOSC","1","1","","14.936","orange-ATLAS","2019-01-20 10:40:48.000","ATLAS_Bot1","",""
"33820","AT 2019vl","14:21:02.530","-26:16:25.82","CV","","","","ASAS-SN, GaiaAlerts","ASAS-SN, GaiaAlerts","ASAS-SN","ASAS-SN; GaiaAlerts","ASASSN-19bb","ASASSN-2 - Cassius, Gaia - Gaia-photometric","LCO-duPont - WFCCD","1","1","","14.4","g-Sloan","2019-01-16 07:55:12.000","Stanek","",""
"33759","AT 2019th","05:10:39.252","+17:36:45.07","CV","","","","","","Global SN Project, ePESSTO","","ZTF19aabimbg","P48 - ZTF-Cam","ESO-NTT - EFOSC2-NTT, FTN - FLOYDS-N","1","1","","15.04","g-Sloan","2019-01-08 04:28:43.000","Arcavi","",""
"33615","AT 2019oa","09:04:57.120","-15:39:28.30","CV","","","","ZTF","ZTF","ePESSTO","ZTF","ZTF19aaaojkv","P48 - ZTF-Cam","ESO-NTT - EFOSC2-NTT","1","1","","17.23","r-ZTF","2019-01-04 10:10:33.000","ZTF_Bot1","",""
"33439","AT 2019is","22:43:39.500","+36:46:38.47","CV","","","","ZTF","ZTF","SCAT","ZTF","ZTF19aaaheft","P48 - ZTF-Cam","UH88 - SNIFS","1","1","","17.02","r-ZTF","2019-01-04 03:12:46.000","ZTF_AMPEL_NEW","",""
"32042","AT 2018jsw","08:36:57.560","-22:05:14.89","CV","0","","","ASAS-SN, ATLAS, GaiaAlerts","ASAS-SN, ATLAS, GaiaAlerts","ePESSTO","ASAS-SN; ATLAS; GaiaAlerts","ASASSN-18abp","ASASSN-2 - Cassius, ASASSN-3 - Paczynski, ATLAS1 - ACAM1, Gaia - Gaia-photometric","ESO-NTT - EFOSC2-NTT","1","1","","16.2","g-Sloan","2018-12-13 06:28:48.000","Stanek","",""
"32022","AT 2018jsc","03:00:54.953","+18:02:28.93","CV","","","","ASAS-SN","ASAS-SN","None","ASAS-SN","ASASSN-18abl","ASASSN-4 - Leavitt, ASASSN-5 - Payne-Gaposchkin","Other - Other","1","1","","12","g-Sloan","2018-12-12 22:04:48.000","Stanek","",""
"31858","AT 2018jlv","23:38:59.186","+41:34:34.50","CV","","","","ATLAS","ATLAS","SCAT","ATLAS","ATLAS18zvk","ATLAS1 - ACAM1","UH88 - SNIFS","1","1","","15.335","cyan-ATLAS","2018-12-04 08:38:24.000","ATLAS_Bot1","",""
"31735","AT 2018jhd","20:42:41.701","+04:47:38.31","CV","","","","ASAS-SN, ATLAS, ZTF","ASAS-SN, ATLAS, ZTF","Padova-Asiago","ASAS-SN; ATLAS; ZTF","ASASSN-18aas","ASASSN-4 - Leavitt, ATLAS1 - ACAM1, P48 - ZTF-Cam","Ekar - AFOSC","1","1","","16.5","g-Sloan","2018-12-03 01:26:24.000","Stanek","",""
"30556","AT 2018hob","06:17:39.250","-25:25:01.12","CV","","","","ATLAS","ATLAS","ASAS-SN","ATLAS","ATLAS18xuk","ATLAS1 - ACAM1","MDM-2.4 - OSMOS","1","1","","15.454","orange-ATLAS","2018-10-22 13:20:38.000","ATLAS_Bot1","",""
"30550","AT 2018hnv","18:10:15.345","+39:39:48.98","CV","","","","ATLAS","ATLAS","ASAS-SN","ATLAS","ATLAS18xss","ATLAS1 - ACAM1","MDM-2.4 - OSMOS","1","1","","16.846","orange-ATLAS","2018-10-23 04:46:33.000","ATLAS_Bot1","",""
"30277","AT 2018hdk","20:09:33.950","+03:52:10.99","CV","","","","ATLAS, GaiaAlerts","ATLAS, GaiaAlerts","TNTS","ATLAS; GaiaAlerts","ATLAS18wcd","ATLAS1 - ACAM1, Gaia - Gaia-photometric","BAO-2.16m - Cassegrain","1","1","","16.137","orange-ATLAS","2018-10-05 07:45:07.000","ATLAS_Bot1","",""
"30262","AT 2018hcv","05:09:11.785","+71:23:11.32","CV","","","","ATLAS","ATLAS","None","ATLAS","ATLAS18wbr","ATLAS1 - ACAM1","LT - SPRAT","1","1","","15.931","cyan-ATLAS","2018-10-05 13:52:19.000","ATLAS_Bot1","",""
"30111","AT 2018gxm","06:33:30.755","+59:18:47.80","CV","","","","ZTF","ZTF","ZTF","ZTF","ZTF18abztcib","P48 - ZTF-Cam","P60 - SEDM","1","1","","15.52","g-ZTF","2018-09-28 10:50:52.000","ZTF_Bot1","",""
"30102","AT 2018gxd","02:31:39.020","+49:14:06.31","CV","","","","ZTF, ATLAS","ZTF, ATLAS","None","ATLAS; ZTF","ZTF18abzsdju","ATLAS1 - ACAM1, P48 - ZTF-Cam","LT - SPRAT","1","1","","18.05","g-ZTF","2018-09-27 08:22:33.000","ZTF_Bot1","",""
"30062","AT 2018gvp","20:35:29.710","+25:45:46.51","CV","0","","","ZTF","ZTF","SCAT","ZTF","ZTF18abzpxiu","P48 - ZTF-Cam","UH88 - SNIFS","1","1","","17.6","g-ZTF","2018-09-27 03:02:52.000","ZTF_Bot1","",""
"29999","AT 2018gte","21:04:30.961","+13:03:06.93","CV","","","","ZTF","ZTF","ZTF","ZTF","ZTF18abygcwk","P48 - ZTF-Cam","P60 - SEDM","1","1","","19.02","g-ZTF","2018-09-22 05:34:04.000","ZTF_Bot1","",""
"29651","AT 2018gfu","18:18:58.060","+17:53:06.00","CV","","","","ZTF, GaiaAlerts","ZTF, GaiaAlerts","ZTF","GaiaAlerts; ZTF","ZTF18abucoyd","Gaia - Gaia-photometric, P48 - ZTF-Cam","P60 - SEDM","1","1","","16.55","g-ZTF","2018-09-08 05:05:16.000","ZTF_Bot1","",""
"29564","AT 2018gcl","19:54:44.986","+10:03:55.07","CV","","","","ZTF","ZTF","ZTF","ZTF","ZTF18abokhip","P48 - ZTF-Cam","","1","1","","19.38","g-ZTF","2018-08-21 06:31:40.000","ZTF_Bot1","",""
"29486","AT 2018fzl","22:48:11.928","+16:14:11.08","CV","0","","","ASAS-SN","ASAS-SN","ePESSTO","ASAS-SN","ASASSN-18um","ASASSN-3 - Paczynski","ESO-NTT - EFOSC2-NTT","1","1","","15","g-Sloan","2018-09-08 04:33:36.000","Stanek","",""
"29390","AT 2018fvt","22:31:41.467","+36:50:53.63","CV","","","","ZTF","ZTF","ZTF","ZTF","ZTF18abtizrj","P48 - ZTF-Cam","","1","1","","17.97","g-ZTF","2018-09-06 06:56:09.000","ZTF_Bot1","",""
"29389","AT 2018fvs","17:22:11.323","-10:10:30.61","CV","","","","ASAS-SN","ASAS-SN","SCAT, ASAS-SN","ASAS-SN","ASASSN-18ui","ASASSN-3 - Paczynski","P200 - DBSP, UH88 - SNIFS","1","1","","15.4","g-Sloan","2018-09-06 01:55:12.000","Stanek","",""
"29381","AT 2018fvk","18:14:04.420","+21:53:16.10","CV","","","","ATLAS","ATLAS","None","ATLAS","ATLAS18uju","ATLAS1 - ACAM1","LT - SPRAT","1","1","","16.599","orange-ATLAS","2018-09-06 07:39:21.000","ATLAS_Bot1","",""
"29367","AT 2018fuw","19:28:47.119","+34:50:17.53","CV","","","","ZTF","ZTF","ZTF","ZTF","ZTF18absjiej","P48 - ZTF-Cam","P60 - SEDM","1","1","","18.97","r-ZTF","2018-09-02 05:38:24.000","ZTF_Bot1","",""
"29366","AT 2018fuv","19:23:31.319","+43:28:52.22","CV","","","","ZTF","ZTF","ZTF","ZTF","ZTF18abrxrms","P48 - ZTF-Cam","P60 - SEDM","1","1","","17.69","r-ZTF","2018-08-30 06:37:26.000","ZTF_Bot1","",""
"29341","AT 2018ftw","17:20:56.621","+07:48:33.75","CV","","","","ZTF","ZTF","ZTF","ZTF","ZTF18absrffm","P48 - ZTF-Cam","","1","1","","18.62","r-ZTF","2018-09-04 03:33:07.000","ZTF_Bot1","",""
"29304","AT 2018fsl","01:48:53.105","+54:21:44.58","CV","0","","","ZTF","ZTF","ZTF","ZTF","ZTF17aaaukqn","P48 - ZTF-Cam","","1","1","","17.12","g-ZTF","2018-09-02 09:47:31.000","ZTF_Bot1","",""
"29303","AT 2018fsk","20:46:04.608","+22:44:53.03","CV","","","","ZTF","ZTF","ZTF","ZTF","ZTF18absnibc","P48 - ZTF-Cam","","1","1","","19.48","g-ZTF","2018-09-03 05:31:12.000","ZTF_Bot1","",""
"29302","AT 2018fsj","17:51:49.628","+15:18:28.30","CV","","","","ZTF","ZTF","ZTF","ZTF","ZTF18aaybtnt","P48 - ZTF-Cam","P60 - SEDM","1","1","","18.47","r-ZTF","2018-09-01 03:31:40.000","ZTF_Bot1","",""
"29301","AT 2018fsi","20:22:21.259","+20:29:35.79","CV","","","","ZTF","ZTF","ZTF","ZTF","ZTF18absmoql","P48 - ZTF-Cam","P60 - SEDM","1","1","","18.05","r-ZTF","2018-09-03 04:27:50.000","ZTF_Bot1","",""
"29299","AT 2018fsg","19:01:44.264","+22:07:59.76","CV","","","","ZTF","ZTF","ZTF","ZTF","ZTF18abrwwzs","P48 - ZTF-Cam","P60 - SEDM","1","1","","18.67","g-ZTF","2018-08-30 04:00:28.000","ZTF_Bot1","",""
"29292","AT 2018frz","22:31:22.997","+33:30:57.20","CV","","","","ATLAS","ATLAS","ASAS-SN","ATLAS","ATLAS18uen","ATLAS1 - ACAM1","P200 - DBSP","1","1","","16.468","orange-ATLAS","2018-08-31 11:39:50.000","ATLAS_Bot1","",""
"29275","AT 2018fri","16:15:08.838","+00:45:12.41","CV","0","","","ATLAS","ATLAS","ePESSTO","ATLAS","ATLAS18udo","ATLAS1 - ACAM1","ESO-NTT - EFOSC2-NTT","1","1","","17.779","orange-ATLAS","2018-09-01 06:14:24.000","ATLAS_Bot1","",""
"29225","AT 2018fpk","19:21:41.092","-10:21:48.38","CV","0","","","ZTF","ZTF","ePESSTO","ZTF","ZTF18abqcsdq","P48 - ZTF-Cam","ESO-NTT - EFOSC2-NTT","1","1","","18.92","r-ZTF","2018-08-27 05:00:57.000","ZTF_Bot1","",""
"29218","AT 2018fpd","21:23:05.543","+15:08:48.58","CV","0","","","ZTF","ZTF","ePESSTO, ZTF","ZTF","ZTF18absanfq","P48 - ZTF-Cam","ESO-NTT - EFOSC2-NTT","1","1","","17.87","g-ZTF","2018-08-31 05:26:52.000","ZTF_Bot1","",""
"29178","AT 2018fnp","16:10:04.340","-02:49:08.08","CV","","","","ASAS-SN, ATLAS, GaiaAlerts","ASAS-SN, ATLAS, GaiaAlerts","ASAS-SN","ASAS-SN; ATLAS; GaiaAlerts","ASASSN-18th","ASASSN-3 - Paczynski, ASASSN-5 - Payne-Gaposchkin, ATLAS1 - ACAM1, Gaia - Gaia-photometric","P200 - DBSP","1","1","","16.3","g-Sloan","2018-08-30 00:43:12.000","Stanek","",""
"29153","AT 2018fmq","07:47:42.616","+41:19:01.16","CV","","","","ZTF","ZTF","ZTF","ZTF","ZTF18abrqfjs","P48 - ZTF-Cam","P60 - SEDM","1","1","","16.46","r-ZTF","2018-08-29 11:18:14.000","ZTF_Bot1","",""
"29115","AT 2018flf","21:08:56.398","+34:39:04.95","CV","","","","ZTF","ZTF","ZTF","ZTF","ZTF18abptzkg","P48 - ZTF-Cam","","1","1","","17.98","r-ZTF","2018-08-25 06:40:19.000","ZTF_Bot1","",""
"29083","AT 2018fjz","20:34:59.240","+24:36:20.70","CV","","","","ZTF, GaiaAlerts","ZTF, GaiaAlerts","ZTF","GaiaAlerts; ZTF","ZTF18abnyktn","Gaia - Gaia-photometric, P48 - ZTF-Cam","","1","1","","16.14","g-ZTF","2018-08-19 08:48:28.000","ZTF_Bot1","",""
"29080","AT 2018fjw","00:45:15.860","+42:10:27.34","CV","","","","ZTF, ATLAS, GaiaAlerts","ZTF, ATLAS, GaiaAlerts","ZTF","ATLAS; GaiaAlerts; ZTF","ZTF18abnuzzt","ATLAS1 - ACAM1, Gaia - Gaia-photometric, P48 - ZTF-Cam","","1","1","","19.55","g-ZTF","2018-08-19 09:46:04.000","ZTF_Bot1","",""
"29076","AT 2018fjs","19:51:06.991","+12:50:50.68","CV","","","","ZTF","ZTF","ZTF","ZTF","ZTF18abpmwlt","P48 - ZTF-Cam","","1","1","","18.76","r-ZTF","2018-08-24 06:04:19.000","ZTF_Bot1","",""
"29074","AT 2018fjq","20:03:37.607","+11:52:58.93","CV","","","","ZTF","ZTF","ZTF","ZTF","ZTF18abpmwfx","P48 - ZTF-Cam","","1","1","","17.28","r-ZTF","2018-08-24 06:04:19.000","ZTF_Bot1","",""
"29073","AT 2018fjp","19:29:05.348","+37:21:27.95","CV","0","","","ZTF","ZTF","ZTF","ZTF","ZTF18abojrnv","P48 - ZTF-Cam","","1","1","","16.3","r-ZTF","2018-08-21 05:11:02.000","ZTF_Bot1","",""
"29072","AT 2018fjo","06:15:20.377","+48:29:12.58","CV","","","","ZTF","ZTF","ZTF","ZTF","ZTF17aaaobyl","P48 - ZTF-Cam","P60 - SEDM","1","1","","18.08","r-ZTF","2018-08-15 11:48:28.000","ZTF_Bot1","",""
"29071","AT 2018fjn","00:48:01.835","-01:22:23.06","CV","","","","ZTF","ZTF","ZTF","ZTF","ZTF18abpoynt","P48 - ZTF-Cam","","1","1","","19.14","r-ZTF","2018-08-24 08:02:24.000","ZTF_Bot1","",""
"29042","AT 2018fik","18:12:37.119","+15:54:53.40","CV","","","","ZTF","ZTF","ZTF","ZTF","ZTF18abnoonq","P48 - ZTF-Cam","","1","1","","20.26","g-ZTF","2018-08-18 03:56:09.000","ZTF_Bot1","",""
"29040","AT 2018fii","20:00:02.480","+14:56:32.75","CV","","","","ZTF, GaiaAlerts","ZTF, GaiaAlerts","ZTF","GaiaAlerts; ZTF","ZTF18abmqrwk","Gaia - Gaia-photometric, P48 - ZTF-Cam","","1","1","","16.27","r-ZTF","2018-08-14 07:29:16.000","ZTF_Bot1","",""
"29039","AT 2018fih","20:01:18.493","+48:22:21.41","CV","","","","ZTF","ZTF","ZTF","ZTF","ZTF17aaawgkc","P48 - ZTF-Cam","","1","1","","17.04","g-ZTF","2018-08-18 08:16:47.000","ZTF_Bot1","",""
"29038","AT 2018fig","21:20:54.470","+38:57:38.81","CV","","","","ZTF, GaiaAlerts","ZTF, GaiaAlerts","ZTF","GaiaAlerts; ZTF","ZTF18abnuark","Gaia - Gaia-photometric, P48 - ZTF-Cam","","1","1","","16.3","g-ZTF","2018-08-18 08:19:40.000","ZTF_Bot1","",""
"29016","AT 2018fhk","20:11:21.374","+15:19:43.88","CV","","","","ZTF","ZTF","ZTF","ZTF","ZTF18abobvym","P48 - ZTF-Cam","","1","1","","17.94","g-ZTF","2018-08-20 08:06:43.000","ZTF_Bot1","",""
"29011","AT 2018fhf","18:45:48.989","+22:30:03.37","CV","","","","ZTF","ZTF","ZTF","ZTF","ZTF18abnbxsy","P48 - ZTF-Cam","","1","1","","17.79","g-ZTF","2018-08-16 07:55:12.000","ZTF_Bot1","",""
"28983","AT 2018fge","14:45:37.440","-34:07:10.74","CV","","","","ASAS-SN, GaiaAlerts","ASAS-SN, GaiaAlerts","ASAS-SN","ASAS-SN; GaiaAlerts","ASASSN-18sy","ASASSN-3 - Paczynski, Gaia - Gaia-photometric","SALT - RSS","1","1","","15.5","g-Sloan","2018-08-19 23:45:36.000","Stanek","",""
"28982","AT 2018fgd","18:52:56.940","+22:17:57.75","CV","","","","ATLAS, ZTF","ATLAS, ZTF","ASAS-SN","ATLAS; ZTF","ATLAS18tzn","ATLAS1 - ACAM1, P48 - ZTF-Cam","MDM-2.4 - OSMOS","1","1","","16.287","orange-ATLAS","2018-08-17 09:30:14.000","ATLAS_Bot1","",""
"28977","AT 2018ffy","23:37:23.584","+51:31:13.05","CV","","","","ATLAS, ZTF","ATLAS, ZTF","ZTF","ATLAS; ZTF","ATLAS18tza","ATLAS1 - ACAM1, P48 - ZTF-Cam","","1","1","","18.478","orange-ATLAS","2018-08-18 12:20:09.000","ATLAS_Bot1","",""
"28976","AT 2018ffx","03:04:37.261","-25:11:57.08","CV","0","","","ATLAS","ATLAS","ePESSTO","ATLAS","ATLAS18tyv","ATLAS1 - ACAM1","ESO-NTT - EFOSC2-NTT","1","1","","19.316","orange-ATLAS","2018-08-17 13:49:26.000","ATLAS_Bot1","",""
"28975","AT 2018ffw","23:52:08.055","-27:48:07.74","CV","0","","","ATLAS","ATLAS","ePESSTO","ATLAS","ATLAS18tyo","ATLAS1 - ACAM1","ESO-NTT - EFOSC2-NTT","1","1","","19.049","orange-ATLAS","2018-08-19 13:39:21.000","ATLAS_Bot1","",""
"28952","AT 2018fez","12:57:51.290","-28:30:15.37","CV","","","","ASAS-SN, GaiaAlerts","ASAS-SN, GaiaAlerts","ePESSTO","ASAS-SN; GaiaAlerts","ASASSN-18su","ASASSN-5 - Payne-Gaposchkin, Gaia - Gaia-photometric","ESO-NTT - EFOSC2-NTT","1","1","","10.1","g-Sloan","2018-08-17 17:08:09.000","Stanek","",""
"28930","AT 2018fed","17:02:23.820","+01:14:15.86","CV","0","","","GaiaAlerts","GaiaAlerts","ePESSTO","GaiaAlerts","Gaia18cfm","Gaia - Gaia-photometric","ESO-NTT - EFOSC2-NTT","1","1","","18.78","G-Gaia","2018-08-15 09:34:33.000","Gaia_Bot1","",""
"28927","AT 2018fea","17:51:59.440","+17:29:43.80","CV","","","","ZTF, GaiaAlerts","ZTF, GaiaAlerts","SCAT, ZTF","GaiaAlerts; ZTF","ZTF18abmxatl","Gaia - Gaia-photometric, P48 - ZTF-Cam","UH88 - SNIFS","1","1","","16.3","g-ZTF","2018-08-16 03:59:02.000","ZTF_Bot1","",""
"28924","AT 2018fdx","23:17:29.986","-49:48:00.94","CV","0","","","ASAS-SN","ASAS-SN","ePESSTO","ASAS-SN","ASASSN-18sk","ASASSN-3 - Paczynski, ASASSN-5 - Payne-Gaposchkin","ESO-NTT - EFOSC2-NTT","1","1","","17.85","g-Sloan","2018-08-14 23:16:48.000","Vallely","",""
"28880","AT 2018fcf","18:01:36.658","+12:05:35.32","CV","","","","ZTF","ZTF","ZTF","ZTF","ZTF18abmdoni","P48 - ZTF-Cam","","1","1","","18.21","g-ZTF","2018-08-10 07:39:21.000","ZTF_Bot1","",""
"28857","AT 2018fbi","23:59:24.260","+45:54:06.91","CV","0.049","","","ATLAS","ATLAS","SCAT, None","ATLAS","ATLAS18tpn","ATLAS1 - ACAM1","UH88 - SNIFS","1","1","","17.587","orange-ATLAS","2018-08-12 12:36:00.000","ATLAS_Bot1","",""
"28846","AT 2018fax","17:49:30.950","+02:49:36.05","CV","","","","BraTS, GaiaAlerts, Pan-STARRS1","BraTS, GaiaAlerts, Pan-STARRS1","None","BraTS; GaiaAlerts; Pan-STARRS1","","Gaia - Gaia-photometric, Other - Other, PS1 - GPC1","NOT - ALFOSC","1","1","","14.9","Clear-","2018-08-11 23:04:15.000","Jacques","",""
"28829","AT 2018fag","22:05:21.809","+16:43:17.40","CV","","","","ZTF","ZTF","ZTF","ZTF","ZTF18ablwhde","P48 - ZTF-Cam","","1","1","","18.27","g-ZTF","2018-08-07 09:28:48.000","ZTF_Bot1","",""
"28828","AT 2018faf","21:08:05.782","+34:24:24.96","CV","","","","ZTF","ZTF","ZTF","ZTF","ZTF18ablpmiy","P48 - ZTF-Cam","","1","1","","17.49","r-ZTF","2018-08-04 08:25:26.000","ZTF_Bot1","",""
"28825","AT 2018fac","18:15:33.422","+24:20:35.18","CV","","","","ZTF","ZTF","ZTF","ZTF","ZTF18ablrlog","P48 - ZTF-Cam","","1","1","","17.67","g-ZTF","2018-08-06 05:51:21.000","ZTF_Bot1","",""
"28824","AT 2018fab","21:06:00.679","+29:09:56.01","CV","","","","ZTF","ZTF","ZTF","ZTF","ZTF18ablvxkh","P48 - ZTF-Cam","","1","1","","16.57","g-ZTF","2018-08-07 08:58:33.000","ZTF_Bot1","",""
"28699","AT 2018evg","17:31:25.160","+20:08:06.47","CV","","","","ATLAS, ZTF, GaiaAlerts","ATLAS, ZTF, GaiaAlerts","None, ZTF","ATLAS; GaiaAlerts; ZTF","ATLAS18tkb","ATLAS1 - ACAM1, Gaia - Gaia-photometric, P48 - ZTF-Cam","NOT - ALFOSC","1","1","","16.384","cyan-ATLAS","2018-08-09 09:30:14.000","ATLAS_Bot1","",""
"28669","AT 2018euc","00:02:06.154","+49:26:06.47","CV","","","","ZTF, Pan-STARRS1","ZTF, Pan-STARRS1","ZTF","Pan-STARRS1; ZTF","ZTF18ablvazp","P48 - ZTF-Cam, PS1 - GPC1","","1","1","","17.76","r-ZTF","2018-08-07 08:09:36.000","ZTF_Bot1","",""
"28668","AT 2018eub","23:47:08.095","+30:50:36.62","CV","","","","ZTF","ZTF","ZTF","ZTF","ZTF18ablovbj","P48 - ZTF-Cam","","1","1","","19.76","g-ZTF","2018-08-04 07:46:33.000","ZTF_Bot1","",""
"28664","AT 2018etx","21:20:28.082","+31:11:09.85","CV","0","","","ZTF","ZTF","Global SN Project, ZTF","ZTF","ZTF18ablgqyq","P48 - ZTF-Cam","FTN - FLOYDS-N","1","1","","16.12","g-ZTF","2018-08-02 10:55:12.000","ZTF_Bot1","",""
"28658","AT 2018etr","17:24:47.422","-17:52:25.02","CV","","","","ZTF","ZTF","ZTF","ZTF","ZTF18ablwrch","P48 - ZTF-Cam","P60 - SEDM","1","1","","18.68","g-ZTF","2018-08-08 04:04:48.000","ZTF_Bot1","",""
"28634","AT 2018est","23:48:53.074","-37:05:04.97","CV","0","","","ATLAS","ATLAS","ePESSTO","ATLAS","ATLAS18tgx","ATLAS1 - ACAM1","ESO-NTT - EFOSC2-NTT","1","1","","19.126","cyan-ATLAS","2018-08-07 12:08:38.000","ATLAS_Bot1","",""
"28554","AT 2018epr","19:48:49.102","+46:30:36.08","CV","","","","ZTF","ZTF","ZTF","ZTF","ZTF18aauebur","P48 - ZTF-Cam","","1","1","","18.78","g-ZTF","2018-05-14 10:36:28.000","ZTF_Bot1","",""
"28549","AT 2018epm","18:42:33.704","+12:09:27.12","CV","","","","ZTF","ZTF","ZTF","ZTF","ZTF18abjsjyx","P48 - ZTF-Cam","","1","1","","18.04","g-ZTF","2018-07-27 03:54:43.000","ZTF_Bot1","",""
"28547","AT 2018epk","16:49:42.696","+23:04:58.31","CV","","","","ZTF","ZTF","ZTF","ZTF","ZTF18abjzaic","P48 - ZTF-Cam","","1","1","","17.68","g-ZTF","2018-07-31 04:29:16.000","ZTF_Bot1","",""
"28523","AT 2018eon","14:17:27.525","-24:46:49.81","CV","0","","","ATLAS","ATLAS","ePESSTO","ATLAS","ATLAS18sxh","ATLAS1 - ACAM1","ESO-NTT - EFOSC2-NTT","1","1","","19.383","cyan-ATLAS","2018-08-03 06:34:33.000","ATLAS_Bot1","",""
"28491","AT 2018enh","23:47:47.780","+53:13:50.01","CV","","","","ZTF, ATLAS","ZTF, ATLAS","ZTF","ATLAS; ZTF","ZTF18ablfqxm","ATLAS1 - ACAM1, P48 - ZTF-Cam","","1","1","","20.01","g-ZTF","2018-08-01 11:13:55.000","ZTF_Bot1","",""
"28490","AT 2018eng","19:59:14.221","+51:01:11.90","CV","","","","ZTF","ZTF","ZTF","ZTF","ZTF18abjsybd","P48 - ZTF-Cam","","1","1","","17.53","r-ZTF","2018-07-27 08:38:24.000","ZTF_Bot1","",""
"28488","AT 2018ene","20:07:48.299","+13:17:11.25","CV","","","","ZTF, ATLAS","ZTF, ATLAS","ZTF","ATLAS; ZTF","ZTF18abjsrdz","ATLAS1 - ACAM1, P48 - ZTF-Cam","","1","1","","17.53","r-ZTF","2018-07-27 08:03:50.000","ZTF_Bot1","",""
"28482","AT 2018emz","20:11:52.175","+13:52:22.90","CV","0","","","ATLAS, ZTF","ATLAS, ZTF","ePESSTO, DAO_OTS, ZTF","ATLAS; ZTF","ATLAS18svz","ATLAS1 - ACAM1, P48 - ZTF-Cam","ESO-NTT - EFOSC2-NTT, Plaskett - Plaskett","1","1","","15.474","cyan-ATLAS","2018-08-01 14:00:57.000","ATLAS_Bot1","",""
"28467","AT 2018emk","17:45:12.155","+14:54:55.18","CV","","","","ZTF","ZTF","ZTF","ZTF","ZTF18abjsdwi","P48 - ZTF-Cam","","1","1","","18.04","g-ZTF","2018-07-27 03:56:09.000","ZTF_Bot1","",""
"28464","AT 2018emh","17:23:03.054","+11:08:50.75","CV","0","","","ZTF","ZTF","ZTF","ZTF","ZTF18abkijlr","P48 - ZTF-Cam","","1","1","","18.76","g-ZTF","2018-07-31 04:27:50.000","ZTF_Bot1","",""
"28283","AT 2018efi","21:25:43.926","+63:23:17.99","CV","","","","ZTF","ZTF","ZTF","ZTF","ZTF18aayoxjs","P48 - ZTF-Cam","","1","1","","17.85","g-ZTF","2018-06-07 09:50:24.000","ZTF_Bot1","",""
"28281","AT 2018efg","19:39:45.772","+00:52:53.61","CV","0.12","","","ZTF, ATLAS","ZTF, ATLAS","ZTF","ATLAS; ZTF","ZTF18abiyatb","ATLAS1 - ACAM1, P48 - ZTF-Cam","P60 - SEDM","1","1","","18.47","r-ZTF","2018-07-22 06:33:07.000","ZTF_Bot1","",""
"28280","AT 2018eff","20:28:30.277","+51:02:13.66","CV","0.5548","","","ZTF","ZTF","ZTF","ZTF","ZTF18abjrdzt","P48 - ZTF-Cam","","1","1","","18.6","g-ZTF","2018-07-26 10:10:33.000","ZTF_Bot1","",""
"28219","AT 2018ecw","22:21:44.770","+18:40:08.11","CV","","","","GaiaAlerts","GaiaAlerts","DAO_OTS","GaiaAlerts","Gaia18bvj","Gaia - Gaia-photometric","Plaskett - Plaskett","1","1","","11.86","G-Gaia","2018-07-20 00:20:09.000","Gaia_Bot1","",""
"28217","AT 2018ecu","20:48:19.805","+15:14:15.34","CV","0","","","ZTF","ZTF","ZTF","ZTF","ZTF18abccqmd","P48 - ZTF-Cam","","1","1","","18.76","r-ZTF","2018-07-23 09:24:28.000","ZTF_Bot1","",""
"28211","AT 2018eco","19:15:29.488","+31:39:51.98","CV","","","","ZTF","ZTF","ZTF","ZTF","ZTF18abgxyfz","P48 - ZTF-Cam","","1","1","","16.04","g-ZTF","2018-07-15 08:36:57.000","ZTF_Bot1","",""
"28183","AT 2018ebm","22:09:43.055","+65:38:34.71","CV","","","","ZTF","ZTF","ZTF","ZTF","ZTF18aaxuzxa","P48 - ZTF-Cam","","1","1","","19.5","r-ZTF","2018-06-21 11:22:33.000","ZTF_Bot1","",""
"28168","AT 2018eax","23:14:03.435","+52:22:16.55","CV","","","","ZTF","ZTF","ZTF","ZTF","ZTF18abhqaxd","P48 - ZTF-Cam","","1","1","","20.19","g-ZTF","2018-07-17 09:48:57.000","ZTF_Bot1","",""
"28146","AT 2018eab","21:53:44.680","+12:35:24.04","CV","","","","ZTF","ZTF","ZTF","ZTF","ZTF17aaburzk","P48 - ZTF-Cam","","1","1","","18.4","g-ZTF","2018-07-01 10:35:02.000","ZTF_Bot1","",""
"28110","AT 2018dyr","17:53:30.490","+20:38:07.04","CV","","","","ZTF, ATLAS, GaiaAlerts","ZTF, ATLAS, GaiaAlerts","ZTF","ATLAS; GaiaAlerts; ZTF","ZTF18abfmuvj","ATLAS1 - ACAM1, Gaia - Gaia-photometric, P48 - ZTF-Cam","","1","1","","18.21","g-ZTF","2018-07-09 05:28:19.000","ZTF_Bot1","",""
"27532","AT 2018dcq","22:15:42.180","+20:22:55.09","CV","","","","GaiaAlerts, ZTF","GaiaAlerts, ZTF","ZTF","GaiaAlerts; ZTF","Gaia18brv","Gaia - Gaia-photometric, P48 - ZTF-Cam","","1","1","","17.22","G-Gaia","2018-07-03 06:11:31.000","Gaia_Bot1","",""
"27294","AT 2018ctp","19:45:27.721","+44:29:56.23","CV","","","","ZTF","ZTF","ZTF","ZTF","ZTF18aawrmhl","P48 - ZTF-Cam","","1","1","","18.78","r-ZTF","2018-06-21 09:20:09.000","ZTF_Bot1","",""
"27290","AT 2018ctl","23:10:11.155","+51:15:11.08","CV","","","","ZTF","ZTF","ZTF","ZTF","ZTF18aazndjw","P48 - ZTF-Cam","","1","1","","18.77","g-ZTF","2018-06-10 10:56:38.000","ZTF_Bot1","",""
"27242","AT 2018crq","19:40:06.588","+60:28:59.42","CV","","","","ZTF","ZTF","ZTF","ZTF","ZTF18aazrdpr","P48 - ZTF-Cam","","1","1","","17.15","r-ZTF","2018-06-12 10:55:12.000","ZTF_Bot1","",""
"27020","AT 2018cjc","14:11:06.040","+12:22:53.00","CV","","","","ATLAS, GaiaAlerts, ZTF","ATLAS, GaiaAlerts, ZTF","ZTF","ATLAS; GaiaAlerts; ZTF","ATLAS18qjz","ATLAS1 - ACAM1, Gaia - Gaia-photometric, P48 - ZTF-Cam","","1","1","","18.102","cyan-ATLAS","2018-06-10 09:33:07.000","ATLAS_Bot1","",""
"26969","AT 2018che","18:47:27.137","+14:32:01.65","CV","0","","","ZTF","ZTF","ZTF","ZTF","ZTF18aaydbyc","P48 - ZTF-Cam","","1","1","","18","r-ZTF","2018-06-05 08:02:24.000","ZTF_Bot1","",""
"26958","AT 2018cgv","18:09:29.063","+26:50:44.69","CV","","","","ATLAS, ZTF","ATLAS, ZTF","ZTF","ATLAS; ZTF","ATLAS18qgs","ATLAS1 - ACAM1, P48 - ZTF-Cam","","1","1","","18.837","orange-ATLAS","2018-06-06 12:51:50.000","ATLAS_Bot1","",""
"26761","AT 2018bzo","13:03:58.000","-30:24:05.65","CV","","","","ASAS-SN, ATLAS, GaiaAlerts","ASAS-SN, ATLAS, GaiaAlerts","None","ASAS-SN; ATLAS; GaiaAlerts","ASASSN-18lg","ASASSN-3 - Paczynski, ATLAS1 - ACAM1, Gaia - Gaia-photometric","LT - SPRAT","1","1","","16.3","g-Sloan","2018-05-27 01:12:00.000","Stanek","",""
"26674","AT 2018bwf","18:56:13.000","-38:53:41.42","CV","0","","","GaiaAlerts","GaiaAlerts","ePESSTO","GaiaAlerts","Gaia18bgw","Gaia - Gaia-photometric","ESO-NTT - EFOSC2-NTT","1","1","","18.36","G-Gaia","2018-05-19 15:40:19.000","Gaia_Bot1","",""
"26579","AT 2018bsp","18:00:18.302","+15:15:28.58","CV","0","","","ATLAS","ATLAS","ePESSTO","ATLAS","ATLAS18pdb","ATLAS1 - ACAM1","ESO-NTT - EFOSC2-NTT","1","1","","17.373","orange-ATLAS","2018-05-15 13:32:09.000","ATLAS_Bot1","",""
"26545","AT 2018brk","19:24:17.771","-19:23:09.77","CV","0","","","ATLAS, ZTF","ATLAS, ZTF","ePESSTO","ATLAS; ZTF","ATLAS17ipo","ATLAS1 - ACAM1, P48 - ZTF-Cam","ESO-NTT - EFOSC2-NTT","1","1","","18.216","cyan-ATLAS","2018-05-12 13:07:40.000","ATLAS_Bot1","",""
"26542","AT 2018brh","16:04:53.685","-28:14:21.26","CV","0","","","ATLAS","ATLAS","ePESSTO","ATLAS","ATLAS18oxn","ATLAS1 - ACAM1","ESO-NTT - EFOSC2-NTT","1","1","","17.818","cyan-ATLAS","2018-05-12 10:50:52.000","ATLAS_Bot1","",""
"26339","AT 2018blk","18:41:51.052","+37:52:28.65","CV","","","","ATLAS","ATLAS","None","ATLAS","ATLAS18olb","ATLAS1 - ACAM1","Other - Other","1","1","","14.92","orange-ATLAS","2018-05-12 13:14:52.000","ATLAS_Bot1","",""
"25757","AT 2018aqc","11:22:54.890","+16:35:23.00","CV","","NGC 3655","","","","ZTF","","","Other - Other","P60 - SEDM","1","1","","13.8","Clear-","2018-04-03 21:26:10.000","Camarasa","",""
"25674","AT 2018amz","08:14:31.210","-25:13:01.49","CV","","","","GaiaAlerts","GaiaAlerts","ZTF","GaiaAlerts","Gaia18asq","Gaia - Gaia-photometric","P60 - SEDM","1","1","","15.12","G-Gaia","2018-03-25 16:07:40.000","Gaia_Bot1","",""
"25572","AT 2018ajb","14:40:33.070","-15:45:23.04","CV","","","","GaiaAlerts","GaiaAlerts","ZTF","GaiaAlerts","Gaia18aqs","Gaia - Gaia-photometric","P60 - SEDM","1","1","","18.32","G-Gaia","2018-03-03 22:03:21.000","Gaia_Bot1","",""
"25571","AT 2018aja","14:22:50.520","-22:18:28.91","CV","","","","GaiaAlerts","GaiaAlerts","ePESSTO","GaiaAlerts","Gaia18aqr","Gaia - Gaia-photometric","ESO-NTT - EFOSC2-NTT","1","1","","16.84","G-Gaia","2018-03-16 08:34:04.000","Gaia_Bot1","",""
"25417","AT 2018adh","07:28:27.550","-37:25:13.22","CV","","ESO 368- G 002","0.009672","ASAS-SN, GaiaAlerts","ASAS-SN, GaiaAlerts","None","ASAS-SN; GaiaAlerts","ASASSN-18fe","ASASSN-2 - Cassius, Gaia - Gaia-photometric","SOAR - Goodman","1","1","","16.39","V-Johnson","2018-03-09 04:48:00.000","Vallely","",""
"25413","AT 2018ade","14:06:25.090","-32:03:19.80","CV","","","","GaiaAlerts","GaiaAlerts","ASAS-SN","GaiaAlerts","Gaia18aol","Gaia - Gaia-photometric","LCO-duPont - WFCCD","1","1","","14.64","G-Gaia","2018-03-08 14:36:57.000","Gaia_Bot1","",""
"25202","AT 2018vj","16:48:39.890","-62:35:50.28","CV","0","","","GaiaAlerts","GaiaAlerts","ePESSTO","GaiaAlerts","Gaia18alc","Gaia - Gaia-photometric","ESO-NTT - EFOSC2-NTT","1","1","","18.8","G-Gaia","2018-02-08 22:53:45.000","Gaia_Bot1","",""
"25151","AT 2018tl","06:42:33.275","+40:02:33.20","CV","","","","ASAS-SN, GaiaAlerts, ZTF","ASAS-SN, GaiaAlerts, ZTF","None","ASAS-SN; GaiaAlerts; ZTF","ASASSN-18ci","ASASSN-1 - Brutus, ASASSN-4 - Leavitt, Gaia - Gaia-photometric, P48 - ZTF-Cam","Other - Other","1","1","","16.5","g-Sloan","2018-02-13 03:07:12.000","Stanek","",""
"25077","AT 2018qq","09:58:33.029","-27:49:50.09","CV","0","LEDA 749345","","ASAS-SN","ASAS-SN","ePESSTO","ASAS-SN","ASASSN-18cd","ASASSN-2 - Cassius, ASASSN-3 - Paczynski","ESO-NTT - EFOSC2-NTT","1","1","","17","g-Sloan","2018-02-10 04:48:00.000","Stanek","",""
"24950","AT 2018ly","08:46:44.803","-13:49:00.84","CV","0","","","ASAS-SN","ASAS-SN","ePESSTO","ASAS-SN","ASASSN-18bp","ASASSN-2 - Cassius, ASASSN-3 - Paczynski","ESO-NTT - EFOSC2-NTT","1","1","","16.45","g-Sloan","2018-01-29 01:40:48.000","Stanek","",""
"24871","AT 2018iz","05:07:01.438","-35:55:13.69","CV","","","","ASAS-SN","ASAS-SN","Global SN Project","ASAS-SN","ASASSN-18ay","ASASSN-3 - Paczynski","FTS - FLOYDS-S","1","1","","13.5","g-Sloan","2018-01-20 03:07:12.000","Stanek","",""
"24667","AT 2018bo","22:07:28.320","+23:08:25.94","CV","","","","GaiaAlerts, ZTF","GaiaAlerts, ZTF","ZTF","GaiaAlerts; ZTF","Gaia18abt","Gaia - Gaia-photometric, P48 - ZTF-Cam","","1","1","","18.24","G-Gaia","2018-01-06 06:34:33.000","Gaia_Bot1","",""
"24023","AT 2017jdh","04:29:23.232","+01:59:51.04","CV","0","","","ASAS-SN","ASAS-SN","ASAS-SN","ASAS-SN","ASASSN-17rh","ASASSN-2 - Cassius","P200 - DBSP","1","1","","17","V-Johnson","2017-12-22 06:14:24.000","Stanek","",""
"24004","AT 2017jco","07:19:56.288","+46:49:16.59","CV","","","","Pan-STARRS1","Pan-STARRS1","Padova-Asiago","Pan-STARRS1","PS17fjk","PS1 - GPC1","Ekar - AFOSC","1","1","","15.63","i-Sloan","2017-12-08 12:31:40.000","PS1_Bot1","",""
"23578","AT 2017imy","23:37:37.615","-60:43:57.22","CV","0","GALEXASC J233737.23-604356.4","","ASAS-SN","ASAS-SN","ePESSTO","ASAS-SN","ASASSN-17pv","ASASSN-3 - Paczynski","ESO-NTT - EFOSC2-NTT","1","1","","17.6","g-Sloan","2017-11-25 00:43:12.000","Stanek","",""
"23207","AT 2017hzh","04:55:48.698","+06:09:46.71","CV","","","","ATLAS, Pan-STARRS1","ATLAS, Pan-STARRS1","None","ATLAS; Pan-STARRS1","ATLAS17ncw","ATLAS1 - ACAM1, PS1 - GPC1","BAO-2.16m - Cassegrain","1","1","","16.914","orange-ATLAS","2017-11-11 10:56:38.000","ATLAS_Bot1","",""
"23114","AT 2017hvs","02:15:26.266","+43:16:31.52","CV","","","","ATLAS","ATLAS","iPTF","ATLAS","ATLAS17myk","ATLAS1 - ACAM1","P200 - DBSP","1","1","","18.076","orange-ATLAS","2017-11-03 10:52:19.000","ATLAS_Bot1","",""
"23074","AT 2017hue","07:51:35.101","+69:25:32.82","CV","","","","ATLAS","ATLAS","iPTF","ATLAS","ATLAS17mxq","ATLAS1 - ACAM1","P200 - DBSP","1","1","","16.362","orange-ATLAS","2017-11-01 14:57:07.000","ATLAS_Bot1","",""
"22907","AT 2017hnt","19:05:49.090","+49:17:50.53","CV","","","","ATLAS, GaiaAlerts","ATLAS, GaiaAlerts","Padova-Asiago","ATLAS; GaiaAlerts","ATLAS17mei","ATLAS1 - ACAM1, Gaia - Gaia-photometric","Ekar - AFOSC","1","1","","17.394","orange-ATLAS","2017-10-12 06:36:00.000","ATLAS_Bot1","",""
"22896","AT 2017hni","04:25:07.838","-23:58:21.77","CV","","","","ATLAS, ZTF","ATLAS, ZTF","ASAS-SN","ATLAS; ZTF","ATLAS17mmm","ATLAS1 - ACAM1, P48 - ZTF-Cam","LCO-duPont - WFCCD","1","1","","17.183","orange-ATLAS","2017-10-17 12:20:09.000","ATLAS_Bot1","",""
"22888","AT 2017hna","05:51:38.329","+16:05:30.96","CV","","","","ATLAS","ATLAS","Padova-Asiago","ATLAS","ATLAS17mlv","ATLAS1 - ACAM1","Ekar - AFOSC","1","1","","18.414","orange-ATLAS","2017-10-19 13:33:35.000","ATLAS_Bot1","",""
"22839","AT 2017hld","22:18:22.850","+34:45:08.46","CV","","","","GaiaAlerts","GaiaAlerts","iPTF","GaiaAlerts","Gaia17cql","Gaia - Gaia-photometric","P60 - SEDM","1","1","","16.06","G-Gaia","2017-10-17 08:08:09.000","Gaia_Bot1","",""
"22822","AT 2017hkm","21:57:47.420","+32:29:05.10","CV","","","","GaiaAlerts","GaiaAlerts","None","GaiaAlerts","Gaia17cqc","Gaia - Gaia-photometric","Ekar - AFOSC","1","1","","17.39","G-Gaia","2017-10-15 20:03:50.000","Gaia_Bot1","",""
"22799","AT 2017hjp","23:56:31.650","-50:56:42.58","CV","0","","","GaiaAlerts","GaiaAlerts","ePESSTO","GaiaAlerts","Gaia17cpt","Gaia - Gaia-photometric","ESO-NTT - EFOSC2-NTT","1","1","","17.75","G-Gaia","2017-10-13 14:19:40.000","Gaia_Bot1","",""
"22694","AT 2017hfo","20:14:29.500","+19:07:13.08","CV","","","","GaiaAlerts","GaiaAlerts","None","GaiaAlerts","Gaia17cnz","Gaia - Gaia-photometric","P60 - SEDM","1","1","","17.87","G-Gaia","2017-10-08 07:53:45.000","Gaia_Bot1","",""
"22668","AT 2017heo","06:05:53.753","-29:05:46.03","CV","","","","ASAS-SN","ASAS-SN","None","ASAS-SN","ASASSN-17ne","ASASSN-2 - Cassius","P60 - SEDM","1","1","","15.4","V-Johnson","2017-10-09 08:23:59.000","Stanek","",""
"22566","AT 2017haq","06:38:50.580","+01:59:19.72","CV","","","","GaiaAlerts","GaiaAlerts","None","GaiaAlerts","Gaia17cmc","Gaia - Gaia-photometric","P60 - SEDM","1","1","","17.4","G-Gaia","2017-09-30 12:31:40.000","Gaia_Bot1","",""
"22519","AT 2017gyv","17:30:31.280","-32:42:14.98","CV","0","","","GaiaAlerts","GaiaAlerts","ePESSTO","GaiaAlerts","Gaia17cke","Gaia - Gaia-photometric","ESO-NTT - EFOSC2-NTT","1","1","","16.76","G-Gaia","2017-09-22 13:27:50.000","Gaia_Bot1","",""
"22469","AT 2017gwx","21:55:48.960","-17:48:56.88","CV","0","","","ASAS-SN, GaiaAlerts","ASAS-SN, GaiaAlerts","ASAS-SN, ePESSTO","ASAS-SN; GaiaAlerts","ASASSN-17my","ASASSN-1 - Brutus, Gaia - Gaia-photometric","ESO-NTT - EFOSC2-NTT, Magellan-Baade - IMACS","1","1","","16.34","V-Johnson","2017-09-26 08:01:03.000","Prieto","",""
"22426","AT 2017gvg","19:16:19.937","-15:39:22.99","CV","","","","ATLAS, ZTF","ATLAS, ZTF","ZTF","ATLAS; ZTF","ATLAS17leu","ATLAS1 - ACAM1, P48 - ZTF-Cam","P60 - SEDM","1","1","","17.33","orange-ATLAS","2017-09-19 07:20:38.000","ATLAS_Bot1","",""
"22342","AT 2017gsa","01:02:06.798","+01:16:32.76","CV","0","","","ATLAS","ATLAS","ePESSTO","ATLAS","ATLAS17kol","ATLAS1 - ACAM1","ESO-NTT - EFOSC2-NTT","1","1","","16.69","orange-ATLAS","2017-09-12 11:18:14.000","ATLAS_Bot1","",""
"22303","AT 2017gqq","06:49:04.670","+17:30:04.12","CV","","","","PTSS","PTSS","None","PTSS","PTSS-17waj","CNEOST - STA1600","NOT - ALFOSC","1","1","","17.4","i-Sloan","2017-09-07 20:27:46.000","Li","",""
"22196","AT 2017gop","21:11:08.116","+63:32:55.30","CV","","","","Pan-STARRS1","Pan-STARRS1","None","Pan-STARRS1","PS17enk","PS1 - GPC1","NOT - ALFOSC","1","1","","16.01","i-Sloan","2017-08-07 10:01:55.000","PS1_Bot1","",""
"22118","AT 2017glp","05:12:45.094","-69:57:20.05","CV","","LMC","","ASAS-SN","ASAS-SN","None","ASAS-SN","ASASSN-17lo","ASASSN-2 - Cassius","SOAR - Goodman","1","1","","15.05","V-Johnson","2017-09-03 07:40:48.000","Stanek","",""
"22013","AT 2017ghp","02:12:28.189","+46:53:33.23","CV","","","","ATLAS","ATLAS","None","ATLAS","ATLAS17juy","ATLAS1 - ACAM1","Ekar - AFOSC","1","1","","17.53","cyan-ATLAS","2017-08-23 14:00:57.000","ATLAS_Bot1","",""
"21988","AT 2017ggq","20:12:54.900","+16:12:41.28","CV","","","","ATLAS","ATLAS","None, TexSNs","ATLAS","ATLAS17jsu","ATLAS1 - ACAM1","HET - HET-LRS, NOT - ALFOSC","1","1","","16.99","orange-ATLAS","2017-08-06 11:25:26.000","ATLAS_Bot1","",""
"21981","AT 2017ggj","18:48:15.192","+17:17:10.43","CV","0","","","ATLAS","ATLAS","ePESSTO","ATLAS","ATLAS17jqk","ATLAS1 - ACAM1","ESO-NTT - EFOSC2-NTT","1","1","","17.9","cyan-ATLAS","2017-08-18 08:49:55.000","ATLAS_Bot1","",""
"21969","AT 2017gfx","14:25:17.503","-26:14:54.06","CV","0","","","ATLAS","ATLAS","ePESSTO","ATLAS","ATLAS17jqo","ATLAS1 - ACAM1","ESO-NTT - EFOSC2-NTT","1","1","","18.16","cyan-ATLAS","2017-08-16 05:58:33.000","ATLAS_Bot1","",""
"21967","AT 2017gfv","19:52:47.355","-06:11:33.27","CV","0","","","ATLAS","ATLAS","ePESSTO","ATLAS","ATLAS17jqb","ATLAS1 - ACAM1","ESO-NTT - EFOSC2-NTT","1","1","","17.64","orange-ATLAS","2017-08-15 10:00:28.000","ATLAS_Bot1","",""
"21956","AT 2017gfk","20:01:44.082","-33:58:57.93","CV","0","","","ATLAS","ATLAS","ePESSTO","ATLAS","ATLAS17jjb","ATLAS1 - ACAM1","ESO-NTT - EFOSC2-NTT","1","1","","16.67","orange-ATLAS","2017-08-10 09:54:43.000","ATLAS_Bot1","",""
"21877","AT 2017gcj","17:40:59.570","-61:20:50.10","CV","0","","","GaiaAlerts","GaiaAlerts","ePESSTO","GaiaAlerts","Gaia17cbq","Gaia - Gaia-photometric","ESO-NTT - EFOSC2-NTT","1","1","","17.54","G-Gaia","2017-08-12 13:30:43.000","Gaia_Bot1","",""
"21874","AT 2017gcg","20:32:32.117","+58:09:29.00","CV","","","","Pan-STARRS1, ZTF","Pan-STARRS1, ZTF","ZTF","Pan-STARRS1; ZTF","PS17eeh","P48 - ZTF-Cam, PS1 - GPC1","","1","1","","17.3","i-Sloan","2017-08-05 10:04:48.000","PS1_Bot1","",""
"21840","AT 2017gay","00:40:24.370","+41:04:03.20","CV","","M31","","","","None","","","Other - Other","NOT - ALFOSC","1","1","","15.8","Clear-","2017-08-15 00:02:00.000","Conseil","",""
"21510","AT 2017fom","00:29:32.330","+50:25:54.19","CV","","","","GaiaAlerts, ZTF","GaiaAlerts, ZTF","ZTF","GaiaAlerts; ZTF","Gaia17btz","Gaia - Gaia-photometric, P48 - ZTF-Cam","","1","1","","18.71","G-Gaia","2017-07-15 16:42:14.000","Gaia_Bot1","",""
"21286","AT 2017ffy","22:03:02.930","+36:25:33.31","CV","","","","GaiaAlerts, ZTF","GaiaAlerts, ZTF","ZTF","GaiaAlerts; ZTF","Gaia17bsv","Gaia - Gaia-photometric, P48 - ZTF-Cam","P60 - SEDM","1","1","","18.71","G-Gaia","2017-07-09 10:56:38.000","Gaia_Bot1","",""
"20630","AT 2017egv","15:44:19.650","-06:49:15.35","CV","","2MASX J15441967-0649156","","ASAS-SN, GaiaAlerts","ASAS-SN, GaiaAlerts","ASAS-SN","ASAS-SN; GaiaAlerts","ASASSN-17gs","ASASSN-1 - Brutus, ASASSN-2 - Cassius, Gaia - Gaia-photometric","LT - SPRAT","1","1","","17.3","V-Johnson","2017-05-25 09:36:00.000","Stanek","",""
"20367","AT 2017dwu","18:28:46.800","+32:27:05.87","CV","","","","GaiaAlerts","GaiaAlerts","None","GaiaAlerts","Gaia17beb","Gaia - Gaia-photometric","BAO-2.16m - Cassegrain","1","1","","16.04","G-Gaia","2017-05-03 17:32:38.000","Gaia_Bot1","",""
"19351","AT 2017cjx","19:04:58.990","-16:16:37.70","CV","0","","","GaiaAlerts","GaiaAlerts","PESSTO","GaiaAlerts","Gaia17atk","Gaia - Gaia-photometric","ESO-NTT - EFOSC2-NTT","1","1","","17.38","G-Gaia","2017-03-19 06:38:52.000","Gaia_Bot1","",""
"19209","AT 2017cem","07:17:47.123","+02:36:33.46","CV","0","","","ATLAS","ATLAS","None","ATLAS","ATLAS17bui","ATLAS1 - ACAM1","LT - SPRAT","1","1","","17.16","orange-ATLAS","2017-03-14 05:36:57.000","ATLAS_Bot1","",""
"19208","AT 2017cel","07:58:48.450","-11:14:51.65","CV","0","","","ATLAS, GaiaAlerts","ATLAS, GaiaAlerts","None","ATLAS; GaiaAlerts","ATLAS17bue","ATLAS1 - ACAM1, Gaia - Gaia-photometric","LT - SPRAT","1","1","","16.86","orange-ATLAS","2017-03-14 10:19:12.000","ATLAS_Bot1","",""
"19105","AT 2017cam","16:51:55.728","-16:21:04.03","CV","","","","ASAS-SN","ASAS-SN","None","ASAS-SN","ASASSN-17di","ASASSN-2 - Cassius","SOAR - Goodman","1","1","","16.5","V-Johnson","2017-03-05 08:52:48.000","Stanek","",""
"19101","AT 2017cai","06:53:56.690","-43:15:28.26","CV","0","","","GaiaAlerts, ATLAS","GaiaAlerts, ATLAS","ePESSTO","ATLAS; GaiaAlerts","Gaia17apo","ATLAS1 - ACAM1, Gaia - Gaia-photometric","ESO-NTT - EFOSC2-NTT","1","1","","18.76","G-Gaia","2017-03-06 02:54:14.000","Gaia_Bot1","",""
"17467","AT 2017pv","09:37:40.253","-28:59:47.64","CV","0","","","ATLAS","ATLAS","PESSTO","ATLAS","ATLAS17anj","ATLAS1 - ACAM1","ESO-NTT - EFOSC2-NTT","1","1","","16.69","cyan-ATLAS","2017-01-26 11:45:36.000","ATLAS_Bot1","",""
"17361","AT 2017lu","06:14:12.950","-16:33:45.72","CV","","","","GaiaAlerts","GaiaAlerts","NUTS","GaiaAlerts","Gaia17aej","Gaia - Gaia-photometric","NOT - ALFOSC","1","1","","19.12","G-Gaia","2017-01-17 14:19:40.000","Gaia_Bot1","",""
"16845","AT 2016jai","22:06:41.060","+30:14:35.74","CV","","","","GaiaAlerts, ZTF","GaiaAlerts, ZTF","ZTF","GaiaAlerts; ZTF","Gaia16cew","Gaia - Gaia-photometric, P48 - ZTF-Cam","P60 - SEDM","1","1","","18.47","G-Gaia","2016-12-22 06:07:12.000","Gaia_Bot1","",""
"16821","AT 2016izk","08:49:04.764","+14:24:50.62","CV","","SDSS J084905.32+142502.3","","ASAS-SN","ASAS-SN","ASAS-SN","ASAS-SN","ASASSN-16pc","ASASSN-1 - Brutus, ASASSN-2 - Cassius","LCO-duPont - WFCCD","1","1","","16.6","V-Johnson","2016-12-22 14:09:36.000","Stanek","",""
"16801","AT 2016iyr","11:33:37.890","-42:14:54.24","CV","0","","","GaiaAlerts","GaiaAlerts","PESSTO","GaiaAlerts","Gaia16cdu","Gaia - Gaia-photometric","ESO-NTT - EFOSC2-NTT","1","1","","18.84","G-Gaia","2016-12-19 01:33:36.000","Gaia_Bot1","",""
"16536","AT 2016ion","04:06:54.233","+23:17:00.18","CV","","","","Pan-STARRS1","Pan-STARRS1","Padova-Asiago","Pan-STARRS1","PS16fhg","PS1 - GPC1","Galileo - BC-Asi","1","1","","14.8","w-PS1","2016-11-26 12:01:26.000","PS1_Bot1","",""
"16500","AT 2016ind","06:57:06.345","-31:59:27.53","CV","0","","","Pan-STARRS1","Pan-STARRS1","PESSTO","Pan-STARRS1","PS16fgc","PS1 - GPC1","ESO-NTT - EFOSC2-NTT","1","1","","18.85","i-Sloan","2016-10-19 14:29:45.000","PS1_Bot1","",""
"16157","AT 2016iad","11:43:39.420","-10:16:11.17","CV","","","","ASAS-SN","ASAS-SN","ASAS-SN","ASAS-SN","ASASSN-16ne","ASASSN-1 - Brutus","MDM-2.4 - OSMOS","1","1","","15.1","V-Johnson","2016-11-11 15:07:12.000","Stanek","",""
"16150","AT 2016hzw","05:50:48.065","+70:00:25.85","CV","","","","ASAS-SN","ASAS-SN","ASAS-SN","ASAS-SN","ASASSN-16nc","APO-3.5m - DIS, ASASSN-1 - Brutus","LT - SPRAT","1","1","","16.3","V-Johnson","2016-11-10 13:12:00.000","Stanek","",""
"16149","AT 2016hzv","19:55:51.653","-17:45:34.42","CV","","","","ASAS-SN","ASAS-SN","None","ASAS-SN","ASASSN-16nb","ASASSN-2 - Cassius","SOAR - Goodman","1","1","","16.1","V-Johnson","2016-11-10 00:14:24.000","Stanek","",""
"16043","AT 2016hvt","06:21:53.189","-27:10:02.52","CV","0","","","DLT40, Pan-STARRS1","DLT40, Pan-STARRS1","PESSTO","DLT40; Pan-STARRS1","DLT16ai","Other - Other, PS1 - GPC1","ESO-NTT - EFOSC2-NTT","1","1","","19.1467","Clear-","2016-11-06 07:04:48.000","DLT40_bot1","",""
"16040","AT 2016hvq","21:47:34.388","-25:47:33.65","CV","","","","ASAS-SN, ZTF","ASAS-SN, ZTF","NUTS","ASAS-SN; ZTF","ASASSN-16mx","ASASSN-2 - Cassius, P48 - ZTF-Cam","NOT - ALFOSC","1","1","","16.8","V-Johnson","2016-11-02 03:36:00.000","Stanek","",""
"14012","AT 2016ewr","18:22:38.057","+12:26:17.74","CV","","","","LOSS, ZTF","LOSS, ZTF","LOSS","LOSS; ZTF","kait-16au","Other - Other, P48 - ZTF-Cam","Lick-3m - KAST","1","1","","18.1","Clear-","2016-08-11 05:41:23.000","Zheng","",""
"13899","AT 2016esi","07:29:21.500","-35:58:11.40","CV","","","","GaiaAlerts","GaiaAlerts","PESSTO","GaiaAlerts","Gaia16aya","Gaia - Gaia-photometric","ESO-NTT - EFOSC2-NTT","1","1","","16.42","G-Gaia","2016-08-03 05:31:12.000","Gaia_Bot1","",""
"13845","AT 2016eqg","18:19:02.900","+09:55:42.70","CV","","","","GaiaAlerts","GaiaAlerts","PESSTO","GaiaAlerts","Gaia16axu","Gaia - Gaia-photometric","ESO-NTT - EFOSC2-NTT","1","1","","17.88","G-Gaia","2016-08-02 06:23:02.000","Gaia_Bot1","",""
"13844","AT 2016eqf","20:10:47.200","+58:31:47.00","CV","","","","GaiaAlerts","GaiaAlerts","Padova-Asiago","GaiaAlerts","Gaia16axt","Gaia - Gaia-photometric","Ekar - AFOSC","1","1","","17.51","G-Gaia","2016-08-01 07:12:00.000","Gaia_Bot1","",""
"13772","AT 2016enm","17:09:05.100","-17:36:21.80","CV","","","","ATLAS, GaiaAlerts","ATLAS, GaiaAlerts","PESSTO","ATLAS; GaiaAlerts","ATLAS16bxt","ATLAS1 - ACAM1, Gaia - Gaia-photometric","ESO-NTT - EFOSC2-NTT","1","1","","16.88","cyan-ATLAS","2016-08-01 07:33:36.000","ATLAS_Bot1","",""
"13711","AT 2016ele","14:21:24.400","-84:31:30.60","CV","","","","GaiaAlerts","GaiaAlerts","PESSTO","GaiaAlerts","Gaia16awy","Gaia - Gaia-photometric","ESO-NTT - EFOSC2-NTT","1","1","","18.13","G-Gaia","2016-07-28 04:36:28.000","Gaia_Bot1","",""
"13689","AT 2016eki","17:09:03.600","-06:31:18.70","CV","0","","","GaiaAlerts","GaiaAlerts","None","GaiaAlerts","Gaia16aws","Gaia - Gaia-photometric","P60 - SEDM","1","1","","16.97","G-Gaia","2016-07-26 11:57:07.000","Gaia_Bot1","",""
"13671","AT 2016ejq","17:07:49.600","-20:26:27.20","CV","","","","GaiaAlerts","GaiaAlerts","PESSTO","GaiaAlerts","Gaia16awm","Gaia - Gaia-photometric","ESO-NTT - EFOSC2-NTT","1","1","","18.23","G-Gaia","2016-07-26 05:42:43.000","Gaia_Bot1","",""
"12709","AT 2016cyq","20:17:27.533","-16:33:07.56","CV","","No host in DSS","","ASAS-SN","ASAS-SN","ASAS-SN","ASAS-SN","ASASSN-16gs","ASASSN-1 - Brutus, ASASSN-2 - Cassius","FLWO-1.5m - FAST","1","1","","15.9","V-Johnson","2016-06-28 08:28:19.000","Stanek","",""
"12693","AT 2016cya","17:49:21.781","+19:44:23.00","CV","","","","Pan-STARRS1, ZTF","Pan-STARRS1, ZTF","ZTF","Pan-STARRS1; ZTF","PS16cwf","P48 - ZTF-Cam, PS1 - GPC1","","1","1","","18.91","i-Sloan","2016-06-21 08:10:19.000","Young","",""
"12667","AT 2016cxa","19:08:42.212","+49:44:17.29","CV","","","","Pan-STARRS1","Pan-STARRS1","Padova-Asiago","Pan-STARRS1","PS16cvb","PS1 - GPC1","Ekar - AFOSC","1","1","","16.57","z-Sloan","2016-06-19 14:24:27.000","Young","",""
"12430","AT 2016cny","20:22:50.125","+22:42:09.66","CV","","","","ASAS-SN","ASAS-SN","ASAS-SN","ASAS-SN","ASASSN-16fm","ASASSN-1 - Brutus","LT - SPRAT","1","1","","16.9","V-Johnson","2016-05-13 14:09:36.000","Brown","",""
"11680","AT 2016blf","06:34:12.716","-32:59:49.62","CV","","","","ASAS-SN","ASAS-SN","ASAS-SN","ASAS-SN","ASASSN-16do","ASASSN-2 - Cassius","SOAR - Goodman","1","1","","16.1","V-Johnson","2016-03-30 02:52:48.000","Brown","",""
"11355","AT 2016ays","07:54:02.950","-01:13:56.70","CV","","","","ATLAS","ATLAS","None","ATLAS","ATLAS16aed","ATLAS1 - ACAM1","SOAR - Goodman","1","1","","17.38","orange-ATLAS","2016-02-27 09:07:12.000","Young","",""
"10519","AT 2016su","09:31:42.512","-30:13:01.11","CV","0","","","Pan-STARRS1","Pan-STARRS1","PESSTO","Pan-STARRS1","PS16uk","PS1 - GPC1","ESO-NTT - EFOSC2-NTT","1","1","","17.8267","i-Sloan","2016-01-22 11:02:04.000","Young","",""